t-SNE1,t-SNE2,k_cluster
-0.5437331,0.18478373,3
0.3834531,0.42828396,0
-0.9291529,0.22133143,3
-0.89674246,0.24669221,2
0.5860226,0.55270356,0
0.56933576,0.5716034,0
-0.58742934,0.2975944,2
-0.86142707,0.17952028,3
-0.92661905,-0.7522719,3
0.20845456,0.14422086,2
-0.22502007,0.5832798,2
0.79284406,0.34182844,0
-0.703521,-0.6040235,3
0.019430606,0.79880023,2
-0.029194068,0.702013,2
0.21935195,0.54230917,0
-0.8971782,-0.7615561,3
-1.169743,-0.5773583,3
-1.1664186,-0.57807887,3
-0.8019187,0.32310647,2
0.17724779,0.13088594,0
-1.0591162,-0.07733933,3
0.053685118,0.2367873,2
-0.08661319,0.4668372,2
-0.88689506,0.025556723,3
-0.53370214,0.35556832,2
-0.49568412,0.26692238,3
0.7532867,0.48431993,0
-0.80533355,0.09960456,3
-0.10956869,0.7166588,2
-0.83046067,0.21879669,3
-0.44592977,0.39527202,2
-0.4667896,0.32257485,2
-1.1537381,-0.575682,3
-1.1111611,-0.67052704,3
0.81963766,0.21762222,4
0.7548032,0.14780678,0
0.00695136,0.20744926,0
-0.55375,0.30413082,3
-0.55375,0.30413082,3
-0.70766723,0.039607096,3
-0.75448996,-0.28786325,3
-0.6532874,-0.2840171,3
-0.8781867,0.07452886,3
0.8008694,0.07093247,4
-0.009071931,0.55900455,2
-0.38510305,0.19552974,3
0.56216365,0.4333923,0
1.1882126,-0.07168694,4
0.37555438,0.16441461,2
0.97297937,0.101576105,4
0.3270321,0.6280964,2
0.37986445,0.5945664,2
0.113269106,-0.01411362,2
0.57430995,0.4704968,0
-0.23203681,0.36132407,0
1.0491745,-0.033884786,4
1.0491745,-0.033884786,4
0.97785276,-0.13840348,4
1.1395748,-0.15910904,4
1.1790231,-0.14118962,4
-0.22883603,-0.8687385,1
0.7686063,-0.5218732,4
0.5694562,-0.58212316,1
0.2571849,-0.5342694,1
-0.5775537,-0.1508778,3
0.6326822,-0.45264268,1
0.14691359,-0.75958467,1
0.94896847,-0.24776174,4
0.57871044,-0.6868859,1
-1.1639427,-0.48340714,3
-0.21271059,0.43787396,2
-1.0653318,-0.10029423,3
-1.0416012,-0.032553356,3
0.829711,0.3375772,0
0.9125115,0.28161415,0
0.8072489,0.14091931,4
-0.17989103,0.5155911,2
0.011479733,0.5117427,0
-0.5940361,-0.44939476,3
-0.34060726,0.7507107,2
0.5366359,0.43489927,2
1.1403093,-0.078466475,4
0.016704056,0.7446913,2
-0.9196008,0.10776179,3
-0.3241514,0.5083886,2
0.18908948,-0.12804593,0
0.68699884,-0.040273413,4
1.0261862,0.00877568,4
0.7466993,-0.0005539017,0
0.58695036,-0.24096304,4
0.70565546,-0.09310937,4
-0.6834512,-0.68830776,3
-0.8992699,-0.1711906,3
0.33051884,0.5060355,0
-0.31071818,-0.8561732,1
-0.47308457,-0.45716956,3
0.67680895,0.08320262,0
0.95297194,0.09383297,4
0.94107324,-0.081240244,4
-0.11465691,0.25706148,2
0.035415478,-0.5521136,1
0.14673881,-0.116511464,1
0.30931953,0.36533043,0
1.156822,-0.056118254,4
0.95310533,-0.1346916,4
0.95310533,-0.1346916,4
0.524642,-0.0038674963,2
0.2947397,0.43425417,2
0.997994,-0.15574078,4
0.42461175,-0.56079787,1
0.40677264,-0.3951828,1
-0.76742435,-0.41025504,3
-0.083647564,-0.17871647,2
-0.5158338,-0.61338234,3
-0.45579123,-0.78656954,3
-0.23188089,-0.8650814,1
-0.51701844,-0.77322215,3
0.286836,-0.64932066,1
0.9292999,-0.08149171,4
0.5065191,0.084490195,0
0.30669364,-0.27861813,1
0.21669984,-0.62445694,1
0.10563514,-0.72990483,1
0.65390056,-0.33449578,1
0.02099651,-0.7404155,1
0.20547636,-0.6149742,1
-1.1926317,-0.64187694,3
-0.7107372,0.36807787,2
0.79169077,-0.13147636,4
-0.48256418,-0.13175131,3
0.28921598,-0.4493662,1
-0.061686054,0.11409431,2
-0.5141593,-0.05169257,2
0.35495612,0.11067904,0
-0.75859296,0.39999852,2
-0.03503247,0.7581598,2
0.41939843,0.26821074,0
-0.46691385,-0.14201148,3
0.031704288,0.25529152,0
0.65978956,0.10711598,4
-0.1603031,0.14513892,2
0.0223326,-0.35065666,1
0.032091096,-0.2973251,1
-0.7311197,0.21118994,2
0.19176742,0.07349759,0
0.24242236,0.40498388,0
-0.6505629,0.14619464,3
0.17183499,-0.26308057,1
-0.37871376,0.62403715,2
-0.7075303,0.38140506,2
0.41230446,0.46445096,0
0.25857943,0.06953092,2
-0.013493056,0.6402755,2
0.39731795,-0.2243519,1
0.28945082,0.5594377,0
0.28971955,0.5593816,0
0.3423748,0.19973251,0
0.23549968,-0.38424772,1
1.0707914,-0.06536958,4
0.7329595,0.092086494,0
0.77210087,-0.18589662,4
0.22910112,0.014471677,0
1.070864,-0.065402046,4
0.5774076,-0.16512045,4
0.909176,-0.0367981,4
-0.22451234,-0.1742519,3
0.91293746,0.055043086,4
1.1549512,-0.03941989,4
0.96989065,-0.09977773,4
0.68273544,0.34671664,0
0.5994342,-0.36734354,1
-0.7854131,0.4076863,2
-0.39029202,-0.71948546,3
0.13373771,0.4791646,0
-0.5994391,-0.6247039,3
0.1379762,0.28489327,0
0.69576937,0.060709573,4
0.3866279,0.43695885,2
0.5140891,0.18288513,2
0.03981452,0.67061067,2
0.63111526,0.34337786,0
0.34391353,-0.5638264,1
0.77335554,0.23792152,0
0.704374,-0.09619633,4
0.46273932,-0.7315659,1
0.3016008,-0.7215451,1
0.3181038,-0.80577177,1
0.053036507,-0.5072478,3
0.5715322,0.4519552,0
0.28665182,-0.26977402,1
0.5509911,-0.33341008,1
0.27476528,-0.7442851,1
-0.07151182,-0.8326764,1
-0.38439158,0.7295616,2
-0.16230477,0.6971589,2
0.2683691,0.7798798,0
0.52687776,0.5749377,0
-0.6547964,0.3375042,2
0.537118,0.4873846,0
0.9803215,0.14870614,4
1.1086373,-0.01374066,4
0.36734474,0.5282702,2
0.9803215,0.14870614,4
0.29227617,0.6282104,2
0.7270021,0.32802045,4
0.009717638,0.83183503,2
-0.10458823,0.8242731,2
-0.5958887,0.5282137,2
-0.563531,0.34067667,2
-0.5421647,0.6007777,2
-1.0547738,-0.15816362,3
-0.7203258,0.15075153,2
-0.7636551,0.31955856,2
-0.8502436,0.30985326,2
-0.67301184,0.5344875,2
-0.7784668,0.30560014,2
-0.73807955,0.2981604,2
-0.9907908,-0.2593023,3
-0.3361583,-0.56133056,3
0.40155163,0.63126254,0
-0.441178,0.5479265,2
0.56679183,0.39272448,0
-0.96363133,-0.30588388,3
-1.0343337,-0.40217495,3
-0.39219874,0.12857914,3
-0.5331158,-0.47518495,3
0.74451935,0.20980535,4
0.95701385,-0.10103012,4
0.7741399,0.15996556,0
0.7664343,0.11567584,4
-0.20188509,0.4410401,0
-0.16728158,-0.7955645,1
0.16928643,-0.6060856,1
-1.076484,-0.3445729,3
0.8004,-0.13537756,4
0.024294,-0.8599477,1
-0.9504108,-0.05777907,3
-0.28042403,-0.5959912,3
0.35160902,-0.44181478,1
-0.9656366,-0.06098124,3
-0.07113005,-0.14355892,3
0.124624036,-0.19123921,1
0.0696013,-0.23624106,1
-1.1838628,-0.59718287,3
-0.5773072,-0.11454031,3
0.13835576,-0.2164716,1
-0.08257222,-0.5221621,1
0.54216367,-0.41475707,1
-0.14527325,-0.480822,3
0.036137592,-0.5636782,3
-0.91887116,-0.64967245,3
-1.0541754,-0.32309827,3
0.6218837,0.34493235,0
0.46717885,0.02821383,0
-0.5753964,-0.13886827,3
0.5074933,0.060590174,0
0.3816311,0.04021481,0
-0.11760963,0.015473046,3
0.7649834,-0.069775194,0
0.5835805,-0.38106844,1
0.6566514,0.41168773,0
0.37218347,0.4112091,0
0.6915237,0.003235492,0
0.5311343,-0.046605624,0
0.71606636,0.24890122,0
0.36347044,-0.43401533,1
-0.6707185,-0.26243764,3
0.28861123,-0.46795008,1
-0.9339621,0.030246284,3
0.608587,-0.076787844,0
0.31634918,-0.5389421,1
0.34375602,0.19282095,2
-0.11894236,0.678017,2
-0.0957777,0.668012,2
-0.24471849,0.7124004,2
-0.43782893,0.32180205,2
-0.1200291,-0.62780094,1
-0.47081006,-0.7243289,3
0.24059565,-0.3933819,1
0.08956217,-0.36014053,1
-0.47535303,0.36848718,2
-0.098060645,-0.60554975,1
0.71114177,-0.15876886,1
0.08605737,-0.0033890738,1
0.40695444,0.019929126,1
1.1240048,-0.10730148,4
0.97552973,-0.039973184,4
-0.20356673,0.647035,2
0.6193762,0.50354505,0
0.32964242,0.379771,2
0.619283,0.50363183,0
0.6193762,0.50354505,0
0.68464303,0.030039415,4
0.2735721,-0.14753988,1
0.47285202,-0.21070345,0
0.17733327,-0.35798174,1
0.2583896,-0.20260979,1
-0.0708353,0.31649065,2
0.073931105,-0.22390942,2
0.12641913,-0.5012239,1
-0.37413883,-0.08852558,2
0.26916483,-0.5795445,1
-0.044281106,-0.35105076,1
0.02869535,-0.20793293,1
0.29514715,0.3312632,0
0.37797278,-0.008915196,1
0.124504566,-0.4035963,1
-0.037120756,-0.43537745,1
-0.18857396,-0.7228489,1
0.2465895,-0.52558833,1
-0.3815938,-0.6196584,3
-0.08526087,-0.6604767,1
0.070519894,-0.7187352,1
-0.58266634,-0.6075252,3
-0.71760666,-0.4522292,3
-0.029531507,-0.008561549,2
-0.6772986,-0.599219,3
0.17916617,-0.04680052,3
0.7366242,0.4906041,0
-0.2747621,0.23421896,2
-0.6876996,0.4488968,2
0.98973244,0.17920049,4
-0.60528237,0.49501446,2
0.94583833,-0.071661636,4
-0.504048,0.41089496,2
0.027219214,0.6770543,0
-0.6550929,0.3968064,2
0.25386158,0.10248861,2
-0.65509117,0.39703465,2
0.31911767,0.03417373,2
-0.43952733,0.4075741,2
-0.34537065,0.71364576,2
-0.3233665,0.71990806,2
0.2229404,0.4445843,2
-0.09593458,0.5437206,2
-0.2023373,0.5362224,2
0.7380505,0.52400553,0
0.7251179,0.5247397,0
-0.071746804,0.19024734,0
0.7430792,0.40096167,0
0.75523883,0.44941273,0
-0.5763971,0.23842803,2
1.0954933,-0.09626263,4
-0.028280856,0.038037,2
0.39213818,-0.021945177,2
0.08153935,0.6937377,2
-0.6054258,-0.2526651,3
0.6703696,0.16168226,4
-0.26115307,-0.24054708,2
0.50336486,-0.080287494,0
0.38455895,-0.5019735,1
0.6811865,0.48439667,0
0.45951632,-0.3621394,0
-0.75080323,-0.4806096,3
0.21642362,0.30036867,2
0.39665464,0.13796568,0
-1.0041275,-0.71792865,3
-0.7478287,-0.8158574,3
-0.91410005,-0.7774473,3
-0.018970476,-0.5670935,1
0.023919238,0.41771394,2
0.0956026,-0.2317103,1
0.064477265,-0.7169582,1
-0.22852254,-0.6535962,1
-0.0055146166,-0.6629793,1
0.3935361,-0.5304627,1
0.31160456,-0.6995631,1
0.1338933,0.033416517,2
0.25971988,-0.5009153,1
0.26025128,-0.50102973,1
0.17560992,-0.6907037,1
0.115973614,-0.1878358,1
0.40352678,-0.23013507,1
0.43208772,-0.26594424,1
0.57236356,-0.5882349,1
-0.26170567,-0.7286724,1
0.33645254,-0.4538022,0
-0.87512493,-0.4373594,3
1.0299882,-0.008860947,4
1.0300437,-0.008618472,4
-0.66958016,0.40442598,2
-0.37595364,0.59640527,2
0.103369,0.15075365,2
-0.54107785,0.42199647,2
-0.17835769,0.2595589,2
0.103369,0.15075365,2
-0.9084807,0.03967444,3
-0.9215645,0.09867202,3
-1.0377313,-0.22466305,3
-0.90936947,-0.5362075,3
0.42643446,0.64779735,0
0.99949914,0.12170328,4
1.0184542,0.11438919,4
-0.03104485,0.62447137,0
0.9127049,0.23960617,0
0.03521988,0.7475169,2
1.0113816,0.1283426,4
0.99951446,0.121988945,4
-0.10856433,0.79508436,2
1.086412,-0.03595512,4
0.8567858,0.14584136,4
0.49352372,0.5407121,2
0.6582239,0.30819666,4
0.16560678,0.77051705,2
0.191634,0.73386616,2
-0.014896408,0.825906,2
-0.03745601,0.840174,2
0.047085136,0.8189786,2
-0.107092075,0.76327115,2
0.39044467,0.6953124,0
0.34113082,0.4969798,2
-0.21861592,0.25122994,2
-0.67275447,0.43825346,2
-0.06530064,-0.44442526,1
-0.7984158,0.40634668,2
-0.47302538,0.27577135,2
-0.43593433,0.765137,2
-0.43435073,0.7205886,2
-0.46686235,0.68752426,2
-0.52725863,0.6748317,2
0.5131522,0.5009075,0
0.55448407,0.50448215,0
0.0022345146,0.7605975,2
-0.53823334,0.563702,2
-0.09715052,0.75536066,2
-0.115423284,0.8418171,2
0.26784408,-0.14468348,2
-0.038319513,0.619083,2
0.18127573,0.73256826,2
-0.08389542,0.6401891,2
0.005352769,0.65397567,2
0.32519317,0.7060892,0
-0.33752704,0.23957366,2
-0.3480241,0.2941695,2
0.5838945,0.38884255,0
0.28646228,0.34889698,0
0.41631043,-0.11384264,0
-0.55232936,0.19496506,2
0.13668981,0.30552623,2
0.24156426,-0.3311791,1
0.33695823,-0.50796366,1
0.49508297,-0.46295166,1
0.5165485,-0.41907045,1
0.13987608,-0.5899213,1
-0.46388113,-0.28271592,3
-0.52595913,0.28000084,2
-0.5699765,-0.121933386,3
-0.9617688,-0.64919066,3
-0.9183165,-0.7846692,3
-0.95115525,-0.051352818,3
-0.82282025,0.1855985,3
0.00010205815,-0.6464153,1
-0.8673575,-0.18411745,3
0.8028624,0.05505934,4
1.0744637,-0.061818946,4
-0.3114482,-0.66153383,3
-0.27354446,-0.07136391,2
0.36691976,-0.464911,1
-0.41663823,-0.026448393,3
-0.9684178,-0.7567188,3
-0.96837854,-0.7567455,3
-0.885367,-0.49080688,3
-0.53283453,-0.05846714,3
-0.9522581,-0.23264255,3
0.06449994,0.5451534,2
0.6425267,0.4722366,2
0.12922117,0.8209501,2
-0.5269165,-0.040829476,3
0.65595216,0.53684443,0
0.059495922,0.4740733,0
0.9161193,0.022733644,4
0.1834116,0.1352476,2
0.18103433,0.09582786,2
0.6737334,-0.0005913482,4
-0.34439638,0.70976263,2
-0.34249502,0.5273702,2
-0.6239929,0.5485373,2
-0.54430926,0.28658676,2
-0.36894512,0.7855989,2
0.5865076,0.55817914,0
-0.48387328,0.7330082,2
-0.7123673,0.31004575,3
-0.98156387,0.037947167,3
-0.6636328,0.551782,2
-0.7027464,0.5057056,2
-1.0137234,0.01957817,3
0.8659244,-0.072974354,4
-0.25771245,-0.06645347,3
0.19853623,-0.24977084,3
0.05694924,0.77011436,2
-0.20870163,0.3732525,0
0.51361084,0.42193946,0
0.51361084,0.42193946,0
-0.5814251,-0.19219628,3
0.22226058,-0.062075272,0
-0.8903572,-0.025752736,3
-0.87218386,0.0452322,3
-0.89041686,-0.025732858,3
-0.8721928,0.045238663,3
-0.52698827,0.38721535,3
-0.7422402,-0.47195593,3
-0.925808,-0.5161711,3
-1.0623243,-0.52406746,3
-0.6894645,0.44866234,2
-0.565792,0.5317193,2
0.06423073,0.4636435,0
-0.038140148,0.7857317,2
-0.14011253,0.8234422,2
0.07726333,0.528295,2
-0.06087655,0.82084554,2
-0.0288224,0.5018747,2
0.64110553,0.42685694,0
0.8412306,0.24842575,0
-0.09750535,0.19316725,2
0.69940555,0.46463794,0
0.2643395,0.41185755,0
0.62177736,0.4222201,0
0.5047842,0.2969968,0
0.55501616,0.54296076,0
0.011865839,0.39437196,2
-0.17145716,0.07657709,2
-0.08679429,0.34211376,0
-0.21559969,0.2290936,3
-0.16930899,0.10699663,2
0.055018544,0.38644713,2
0.4405434,0.49099752,0
0.12687919,0.08892484,2
-0.41121766,0.7460046,2
0.36701635,0.067947656,2
-0.52596456,0.50635326,2
-0.95027184,0.16126895,3
-0.49626812,0.48704275,2
-0.26817152,0.51492363,2
-0.45212433,0.7269585,2
0.29065415,0.64832246,0
-0.40505818,0.09546888,2
0.29065415,0.64832246,0
-0.33769423,0.5037495,2
0.29071194,0.64850277,0
-0.3430257,0.7314249,2
0.82599187,-0.007012746,0
0.91661954,0.025271263,4
0.45360777,0.10657974,2
0.47773248,0.6540272,0
0.28731784,0.6502445,2
1.1059952,0.0179137,4
0.78025204,0.0059359223,4
0.9386503,-0.004705184,4
0.582547,0.54895574,0
0.13976707,0.55176723,2
-0.2995143,-0.4013067,1
0.16970962,-0.4900489,1
-0.24127986,0.5356361,2
0.16849196,-0.5061793,1
-0.21025766,0.27406067,2
-0.24638511,0.55848175,2
-0.2776832,-0.25459823,2
-0.59027475,-0.09366148,3
-0.49632514,-0.2401162,3
-0.3354938,-0.8202396,1
-0.43455362,-0.48614827,3
-0.21943009,-0.5534964,3
-0.3005527,-0.87617844,1
-0.5830688,-0.5722094,3
-0.70312744,-0.5287199,3
-1.003021,-0.6423184,3
-0.27749053,-0.49213225,3
-0.36607724,-0.14064518,3
-0.8345635,-0.57023597,3
0.087539695,-0.5066195,1
0.5021675,-0.6408901,1
0.39628786,0.29877967,0
0.8177119,0.24411504,0
-0.22017841,-0.40363556,3
-0.33401647,-0.44239646,3
-0.846304,0.14550546,3
-0.41006333,0.18798845,2
-0.7694526,-0.60491806,3
-0.94511336,-0.38041803,3
0.012673569,0.35805842,2
-0.2657539,0.34942737,2
-0.92456686,0.16398908,3
-0.72455746,-0.13847676,3
-0.44913453,-0.01161037,3
0.5078955,0.5057604,0
0.3023613,0.6744683,0
0.9008746,0.035244435,4
0.79194385,0.12789616,4
0.9574357,0.11220675,4
0.03624357,0.55723375,2
0.56194836,0.43695438,0
0.8401495,0.022500763,4
0.114131086,0.6027355,0
0.3111038,0.40417558,0
-0.2749586,-0.07043853,3
-0.24527594,-0.26881042,3
-0.30267727,0.29678503,2
-0.06854222,-0.024903744,0
0.23500949,-0.1379721,3
-0.80520666,-0.20894256,3
-0.9831473,-0.2173471,3
0.0048793876,0.40506953,0
-1.0621916,-0.34601706,3
-0.9845053,-0.2241142,3
-0.73357964,-0.19242303,3
-0.23016037,-0.054280125,3
-1.0775293,-0.14612262,3
-1.0775731,-0.14608186,3
-0.6204984,0.5064567,2
-0.77545047,0.28392845,2
-0.73800296,0.28515965,3
-0.5180508,0.41863447,2
-0.90308166,0.094162546,3
1.038749,-0.02914302,4
-0.56989837,0.134925,3
-0.11352901,-0.30734128,3
0.28820977,0.49794385,0
0.17845735,0.5240125,0
-0.7367103,-0.630578,3
-1.0371711,-0.6326285,3
-1.019431,-0.554535,3
-1.1320301,-0.63879174,3
-1.0600752,-0.4971893,3
-0.7821363,-0.46360332,3
-0.34050757,0.40911654,2
-0.40642437,0.15699302,2
-0.8582249,0.13849759,3
-0.83453095,0.1963716,3
-0.3171152,0.47184774,2
0.34756005,-0.1870444,3
0.66718465,-0.289377,4
0.85918385,-0.054490514,4
-0.85393894,0.09880629,3
-0.18083262,-0.015592214,3
-0.28665584,-0.13253671,3
-0.7171048,-0.015330292,3
-0.5707461,0.058548126,3
-0.519464,0.048224423,3
-0.51653516,-0.27402967,3
-0.33165202,-0.03754022,3
-0.45718208,0.117196165,3
-0.17015086,0.023976518,2
-1.044965,-0.059272874,3
-0.06342124,0.37025136,2
-0.37493148,-0.017305346,2
0.48921758,-0.2914385,1
0.3010031,0.5190417,0
-0.11403075,0.027505046,3
0.09321672,-0.045998383,0
0.90463495,-0.1445077,4
0.2554366,0.40698823,0
0.674154,-0.44570994,1
-0.12091554,0.18382318,2
0.6517717,-0.29169384,1
0.27495024,0.46752462,0
-0.49800405,-0.3263146,3
0.10850978,-0.6064856,1
-0.6059744,-0.21170303,3
0.71259046,-0.12694004,1
0.09893448,0.4260923,2
-0.007637923,0.32275584,0
0.67203426,0.20833145,0
-0.6882316,-0.47660396,3
0.027664319,-0.52078027,1
0.25699174,0.28397653,0
-0.8421216,-0.67732614,3
-1.0535091,-0.4733918,3
-1.0026654,-0.5639315,3
-1.0036893,-0.36479285,3
-0.9966234,-0.71620613,3
-1.1103641,-0.5845265,3
0.586589,-0.37187278,1
0.4223363,0.2054454,0
0.4453909,0.42361388,0
-1.1660932,-0.566572,3
-1.1812278,-0.58587116,3
-1.068795,-0.14692993,3
-0.9435313,0.030437155,3
0.9314244,0.14968269,4
-0.5123555,0.3074616,2
-0.8659599,-0.16233434,3
0.24154414,-0.57712233,1
-0.5071845,0.26940155,3
-0.054106984,0.81534433,2
0.7465402,0.48989388,0
0.59742427,-0.054596957,0
-0.5427012,0.054796763,3
0.41084835,0.41563967,0
0.4029988,0.64554745,0
0.55571383,0.054583736,0
0.6716741,0.49054357,0
-0.5195221,0.11663221,2
-0.17693977,0.030601272,2
0.7994642,0.0040227068,4
1.0010239,-0.041557696,4
1.0603917,-0.042904105,4
-0.568276,0.43885827,2
-0.06157181,0.19129711,2
0.10427773,0.13064708,2
1.0828543,-0.062440548,4
0.072579354,0.15651825,2
1.0828543,-0.062440548,4
-0.52191216,0.11372561,2
0.061778545,0.43443206,2
0.24412796,0.48244923,0
-0.005962526,0.17738724,2
-0.918582,-0.3595443,3
-0.79085696,-0.47122437,3
-0.022258265,-0.13112164,0
-0.707826,-0.36096278,3
-0.5131604,-0.15357766,3
-0.54063064,0.51081043,2
-0.06817726,0.5273802,2
0.6874955,-0.25587094,1
0.17895755,0.3783839,0
-0.771996,-0.5960237,3
-0.34308338,0.15627679,2
-0.8494343,-0.48224863,3
-0.58257324,0.008528601,3
-0.620268,0.28054932,2
-0.48007756,-0.7756952,3
-0.89828324,-0.15738812,3
-0.3142282,-0.865633,1
0.7249479,0.4947675,0
0.45356563,0.003304792,0
0.4535242,0.003009843,0
0.4868116,0.3529385,0
-0.5033776,0.083521135,2
-0.28592718,-0.023193676,3
0.8027884,-0.018449442,4
-0.7038544,-0.574636,3
0.03663872,-0.5131,1
0.25712663,-0.06050938,0
0.29454538,0.05655572,2
-0.24506164,0.5732231,2
0.59578055,-0.1383744,4
0.21981704,0.63792646,2
-0.007946947,0.6114609,2
1.139166,-0.16039161,4
-0.005477378,0.23995398,2
0.5115159,0.102820165,2
0.61330146,-0.23469526,1
1.0322131,-0.060888544,4
0.5758571,0.41801035,0
-0.03943733,-0.50182813,1
0.32176265,-0.38061598,1
-0.23215447,-0.17101486,3
0.5665646,-0.21052302,0
0.2469296,-0.8688823,1
0.4331783,0.07773881,0
0.5665646,-0.21052302,0
-0.25211883,-0.14309789,3
0.72567195,-0.19066566,4
0.54316044,-0.1009174,1
0.57838553,-0.055850055,1
0.43437243,-0.31584257,1
0.4474031,-0.23083034,1
0.8241833,-0.09357423,4
0.3940209,-0.6449966,1
0.63021135,-0.36936584,1
0.4971267,-0.38221386,1
0.2847611,-0.43741533,1
0.7147301,-0.40173447,4
-0.8391502,-0.80266434,3
0.11057792,-0.90251696,1
-0.63624066,-0.5117946,3
-1.1868826,-0.6221477,3
-1.1597215,-0.64692503,3
1.0031196,0.13389586,4
0.0042663626,0.78446984,2
-0.46464685,0.54547775,2
-0.53109944,0.4179706,2
-0.060423266,0.51333404,0
-0.13590026,0.7732638,2
0.23489591,0.6656789,0
0.17860357,0.51242113,2
-0.9375948,-0.2506533,3
0.69673955,0.48718876,0
0.41382313,0.5584384,0
0.7163401,0.5016993,0
0.5651419,0.402184,0
0.7038575,0.47566357,0
0.67633694,0.48832327,0
0.6518877,0.48605418,0
0.5235476,-0.41390073,1
-0.6058275,-0.34536105,3
-0.60585916,-0.34536126,3
-0.75804883,-0.26866794,3
-0.15140876,0.2725821,0
0.2698816,0.017972704,0
-0.7944422,-0.47434172,3
-0.5611212,-0.47265255,3
0.14482749,-0.018739192,0
-0.7877929,-0.5420414,3
0.19443135,-0.5594674,1
-0.2184386,0.35210976,0
0.111626655,0.4781612,2
0.2220365,0.18720552,2
-0.38635778,0.5252262,2
0.33279994,0.12687902,2
0.3138037,0.11283322,2
0.8841841,-0.05466198,4
0.6372654,0.0044246707,4
0.46523297,0.47526604,0
-0.19809996,0.47653997,2
-0.48052922,-0.10598421,3
0.3838605,0.22924736,2
-0.5057118,0.27024585,2
-0.13694046,-0.10283494,2
-0.15877028,0.2694323,2
0.29166847,-0.24224286,1
0.19957098,0.4003097,0
-0.50670934,-0.085049994,3
0.5290293,0.4444772,0
0.6329587,0.495132,0
0.12718607,0.56671166,2
0.33416238,-0.3443007,1
0.06448907,0.32891187,2
0.20217454,0.36820143,2
0.24445143,-0.130866,1
0.08632573,0.48303774,2
-0.12877673,0.5354564,2
0.57960325,0.40881938,0
1.04465,-0.08564857,4
1.1537348,-0.088050246,4
0.5145043,0.47886097,0
0.7449637,0.08603032,4
0.7347615,0.014078245,4
0.22760478,0.09521845,2
-0.2706314,0.62112296,2
0.53106695,-0.10800154,0
-0.3124543,-0.6639066,3
-0.0072122053,-0.63362443,1
-0.30484962,-0.6600633,3
-0.5214805,-0.6897418,3
-0.059947114,-0.8777256,1
-0.098124474,-0.87061566,1
-0.07647887,-0.39629605,1
-0.010785042,0.28390384,2
0.86570513,-0.16367842,4
0.86570513,-0.16367842,4
0.7140298,0.039413504,4
0.5225015,-0.013286495,2
0.13038465,-0.0767907,0
0.20038679,-0.17106262,0
0.94146746,-0.28012368,4
0.52830535,-0.31614166,1
1.060791,-0.11682617,4
0.7807847,-0.0073757605,0
0.67260367,-0.24654484,1
0.18120345,-0.6619397,1
0.6442662,-0.1731209,0
0.08219151,-0.5728068,1
0.4056713,-0.76821214,1
0.5384592,-0.5600131,1
0.012035415,-0.7473073,1
0.4844281,0.3636663,0
-0.24818999,-0.58491796,3
-0.03512714,-0.474278,3
0.00061937125,-0.7701077,1
-0.055064775,-0.8487825,1
0.11494034,-0.48276833,1
0.6928371,-0.17163602,4
-0.07343908,-0.63275373,1
0.33171257,-0.6496231,1
-0.8996011,-0.4750471,3
-0.937587,-0.39305165,3
-0.25026524,0.5031975,0
-0.41358745,0.13166338,3
-0.1918601,0.6330886,2
0.64934677,0.3937031,0
0.6382547,0.51953226,0
-0.10180992,0.26712516,0
0.09255387,0.44102755,0
0.8553852,0.029988432,4
0.74555063,0.5167195,0
0.8301846,0.07491189,4
-0.11769365,0.37516582,2
0.1606516,0.45771578,2
0.28968698,0.27980518,0
-0.6768099,0.4947027,2
0.15068433,0.43367317,2
0.020292861,0.4013233,2
0.26177958,0.14793922,2
-0.7309622,0.016054126,3
0.04263919,0.14215824,2
-0.028018504,0.4304067,2
0.28189626,0.6660105,2
-0.16686065,0.66899514,2
-0.09737593,0.7388436,2
-0.012978597,0.8016733,2
-0.16686065,0.66899514,2
-0.16685335,0.6692396,2
-0.16686065,0.66899514,2
-0.26805815,0.53998375,2
-0.36429393,-0.11544418,2
0.4129208,-0.37004998,1
-0.5762841,0.18307398,3
0.20939143,-0.3527393,1
-1.0227749,-0.025649816,3
-1.0042481,-0.44861323,3
-0.58265746,0.30157056,2
-0.92928004,-0.39202887,3
-0.8983032,-0.33753332,3
0.18982951,0.69602627,2
0.7564179,0.2748091,4
0.8206291,0.08677124,4
0.23184913,0.67581934,2
0.16566429,0.64623,2
0.39845005,0.57270634,2
0.40425456,0.30911106,2
0.1259777,0.7275649,2
0.3957776,0.43337986,0
-0.26905385,0.18928097,3
-0.6348553,-0.54791605,3
0.27132156,0.25958297,0
-0.4900889,0.30567753,2
-0.42556548,0.28137803,2
-0.123371854,0.5272423,2
0.5027743,-0.118090525,1
-0.6949149,0.45602763,2
0.086690664,0.04700908,2
-0.50585055,0.2840214,2
-0.20152676,0.4247537,2
-0.30666208,0.6418406,2
0.7212912,0.10578552,4
0.2030009,0.38262057,2
-0.38194656,-0.16628368,2
-0.39102745,0.43255103,2
-0.46260816,0.3031745,2
-0.48306578,0.0038229034,3
-0.246765,0.6802779,2
-0.4874035,0.36197707,2
-0.15267444,0.6384595,2
-0.15008448,0.017269213,3
-0.5130476,0.13833722,3
0.46468872,0.4215831,0
-0.18774055,0.6596775,2
0.05419243,0.5662986,2
-0.13441221,0.5294833,2
0.15559769,-0.39725447,1
-0.3585883,0.19478346,2
0.85371834,-0.21230432,4
0.51666486,-0.44953522,1
0.050190143,-0.6106655,1
0.40017447,0.07728899,0
0.40478152,0.53464115,0
-0.0775461,0.26826876,0
0.3889141,0.6657642,0
0.5727776,-0.26261035,0
1.0351564,-0.06262508,4
0.39031604,0.38353252,0
-0.27928716,-0.04230007,3
-0.15779324,-0.03221663,2
-0.13272713,0.10504521,2
-0.13411824,0.21385567,2
0.4093569,0.6881487,0
0.51459897,0.3580029,0
0.048812322,0.6815157,2
0.022033349,0.6346755,2
0.30846325,-0.3038946,1
0.32108653,-0.33696815,1
-0.60452884,0.6263215,2
-0.13405009,0.35233846,2
0.066894926,0.34748113,2
-0.10760146,0.6835313,2
-0.30615908,-0.52594805,3
-0.6736315,-0.4826045,3
-0.5141988,-0.46112096,3
-0.3376507,-0.5576945,3
-0.6051224,-0.68085885,3
0.81354105,0.026719993,4
0.41947252,0.04955413,0
0.4987057,-0.011029999,2
-0.07347606,0.52697426,2
0.16475445,0.06918027,2
-0.23311093,0.4239373,2
0.4448875,0.04695429,2
0.154346,0.060465235,2
-0.04335471,-0.015957318,0
0.22496873,0.07353894,2
0.2973766,-0.17230926,0
0.23070833,0.005291305,0
1.0380595,-0.06317532,4
1.0978497,-0.099947646,4
0.60473937,-0.23262267,1
0.25589806,-0.33163628,3
-0.6593107,-0.55358446,3
-0.90640575,-0.70813364,3
-0.9783102,-0.54705316,3
-0.8239381,-0.62293947,3
-0.34213343,-0.8645628,1
-0.1452627,0.12262228,2
0.017011592,-0.037425134,0
-1.0247269,-0.70373213,3
-0.96807814,-0.5666457,3
-0.046113018,0.81171024,2
0.93434596,0.23135741,4
-0.85719883,0.29721797,2
-0.27556592,0.79081047,2
0.38906077,0.665437,0
0.39983815,0.49277863,0
-0.051038332,0.23656397,0
0.7131419,0.238712,0
-0.11124519,0.17127839,2
0.77572995,0.14453764,4
-0.30459663,0.71025276,2
0.33872238,0.39915296,2
0.5746951,0.546088,0
0.26170495,0.7353038,0
-0.19190791,0.2567292,0
-0.69518995,-0.19294615,3
-0.05849368,0.15833323,0
0.10798254,0.7470364,2
0.07212459,0.7741235,2
-0.29288846,0.713248,2
0.014799188,0.76608247,2
-0.5421428,0.21038218,3
-0.64344716,0.180474,3
-0.5591938,0.46049702,2
-0.5205247,0.33573574,3
-0.17225756,-0.06622217,0
0.66199815,0.033071566,0
-0.7874521,-0.5870809,3
0.4199341,0.30908087,0
0.58558464,0.49577728,0
-1.1092383,-0.556935,3
-1.0883181,-0.70525765,3
-0.04389131,0.752449,2
-0.42444444,0.61236715,2
-0.49558172,0.24678765,2
-0.89760983,0.1435051,3
-1.0097065,0.06112002,3
-1.0261214,-0.727293,3
-0.049352285,0.2930924,2
-1.0646138,-0.16068575,3
-0.036290817,0.809618,2
-0.04174844,0.11992868,2
-0.50386375,0.07888984,2
-0.2018734,0.0030235935,2
-0.35249043,0.011323607,2
0.4979799,0.08480971,2
-0.58506525,0.081206,2
-0.07901221,0.24279538,2
0.52840185,-0.34669107,1
0.07875184,-0.215784,1
-0.25337383,0.46351054,2
-0.56079274,0.12100049,2
-0.3742693,-0.24101757,2
-0.57353324,0.1253184,2
-0.8085445,-0.0041974983,3
-0.778872,-0.0732364,3
-0.33708513,0.20949008,2
-0.4228522,-0.56262195,3
0.056807462,0.4391992,0
-1.0009749,0.0038461022,3
-0.5932381,0.5782847,2
-0.47084615,0.33043477,2
-0.7579257,0.14777234,3
-0.63236815,-0.5456003,3
-0.54531217,-0.12028132,3
-0.7791866,0.07491365,3
-0.8572799,-0.39006758,3
0.4083279,-0.16324805,0
0.2913525,0.50084615,0
0.35983872,0.09460148,2
0.8553656,0.008300858,4
0.455283,0.28572756,0
0.34097296,0.03646458,2
0.06588637,0.43557447,2
0.25470236,-0.007471069,2
0.26998827,0.0038079647,2
-0.18758056,0.19793546,2
0.75856835,0.017741827,4
-0.12103003,0.31450254,2
0.81517506,-0.15901275,4
0.3966702,0.028296128,2
-0.05202801,0.19447944,2
-0.09166285,0.24197373,2
-0.22205089,0.17816572,2
-0.36614782,-0.13850705,2
0.04320749,0.32402784,2
-0.3094933,0.3198678,2
-0.8252537,0.19420597,3
-0.7710934,-0.23649815,3
-1.0564451,-0.56608164,3
-1.0845653,-0.6816327,3
-0.02299632,-0.0303531,0
-1.1234922,-0.6561913,3
-0.8405597,-0.5355717,3
-0.7915602,-0.23579414,3
-0.79164356,-0.2358911,3
-0.8956613,-0.47575274,3
-1.1905676,-0.63460016,3
-1.1631724,-0.5478903,3
0.4144575,0.60138685,0
-0.9178987,-0.015686566,3
0.1881537,0.55379635,0
0.24517263,0.45233688,2
1.0668474,-0.07634949,4
0.86504513,-0.055738367,4
-0.011364736,-0.1078561,3
0.29198295,-0.3628844,1
-0.15402545,0.7764735,2
-0.8604578,-0.48460695,3
-1.0387657,-0.107269086,3
-1.0371248,-0.6782631,3
-1.0371248,-0.6782631,3
-1.0465692,-0.45086282,3
-0.122337535,0.6940843,2
0.15838003,-0.06538785,3
0.8253909,-0.3220995,4
0.28715894,0.0071396423,0
0.4404944,0.013964406,0
0.41169873,0.13438003,0
0.5928258,-0.3906966,1
0.7470477,0.4718656,0
1.0213429,0.12223649,4
-0.0043983385,-0.08993227,3
-0.088373,-0.49168,1
-0.20566045,-0.46725386,1
-0.5418146,0.65758723,2
0.50059104,0.19516315,1
0.19286415,0.69795847,2
0.33014017,-0.2055263,1
0.47431746,-0.31183738,1
0.36477682,-0.6846455,1
0.14555775,-0.3982461,1
0.5558378,0.35858327,0
0.417518,0.19819756,0
0.44848582,0.30099943,0
-0.11429194,0.45539808,2
0.2500508,0.47133884,2
0.39948928,0.41235524,2
0.22038811,0.56719863,2
0.24751689,0.4344316,2
0.13983156,0.5791514,2
0.3927455,0.5325745,2
0.59472495,-0.28203294,1
0.47267246,-0.37510678,1
0.46639398,-0.27913228,1
0.49654484,-0.68905634,1
0.07877051,0.3647548,2
-0.21152723,-0.011611648,2
-0.8535035,0.24763367,3
0.26571855,-0.81594396,1
-0.7663957,0.24212317,2
0.20600396,0.33783084,2
0.19897121,-0.85413706,1
0.32570806,-0.8413966,1
0.119208276,-0.8842885,1
-0.73400295,-0.05877559,3
-0.40302277,-0.6052511,3
0.21372648,-0.88936085,1
0.33564964,-0.83953404,1
0.5088572,-0.21816573,0
-0.8111312,-0.18029687,3
-0.5307931,-0.73355174,3
-0.46249223,-0.8547227,3
-0.9415588,-0.40393433,3
-0.38413993,-0.71769196,3
0.35331926,-0.67400545,1
0.9237009,-0.25780958,4
0.5533736,-0.54886395,1
0.5343734,-0.3487169,1
0.24642242,-0.41341752,1
0.5231762,-0.5793764,1
0.6104178,-0.44683886,1
-0.36537746,-0.7723706,3
-0.78350955,-0.77605224,3
-0.3370703,-0.5631689,1
-0.11226031,-0.6358061,1
-0.3143723,-0.73682797,1
-0.3421527,-0.74226147,3
-0.2580953,-0.79455686,1
0.2367678,-0.59908295,1
0.18160865,-0.15869887,0
-0.08093213,0.06054668,0
-0.122841805,-0.41127583,1
0.11224757,-0.3658041,1
0.14142796,-0.1763494,1
0.2318922,-0.7476163,1
0.40550432,-0.77063036,1
0.50839406,-0.12958837,2
0.4098343,-0.17915602,1
0.245594,0.042136554,2
0.042979132,-0.4949155,1
0.20375864,0.02059246,2
0.61783206,-0.42516935,1
0.09075592,0.014694958,2
0.55997235,-0.25950897,4
0.6534077,-0.57604486,1
-0.90816927,-0.54922026,3
0.843727,-0.15115982,4
-1.0172583,0.017437149,3
0.48249036,-0.06130338,4
0.65269476,0.1824742,4
0.9457985,0.17657027,4
0.84890336,0.028399263,4
-0.0049773613,0.46635717,2
0.7494551,0.105097696,4
0.4862885,0.4500876,0
-0.0060104155,0.8181015,2
0.4740666,0.056661848,4
0.5478593,-0.03995605,2
-0.7363883,-0.30073953,3
0.64707,0.31295043,0
0.012713766,-0.3806819,3
0.7529155,0.04938576,0
0.37896296,0.46956578,0
-0.4499417,-0.21375492,3
0.780704,-0.04534378,4
-0.021721078,-0.08164383,3
0.08130422,-0.5056709,1
-0.7787261,-0.08783659,3
-0.64517117,0.04543594,3
-0.26961717,0.1319932,0
-0.4204688,-0.02877103,3
0.5878854,-0.037598837,4
-0.04541429,0.62642103,2
-0.12107721,0.61544484,2
-0.17184904,-0.36707243,1
-0.5289722,0.22186953,2
-0.5213992,-0.049637236,3
0.36507314,-0.60126954,1
0.48601723,0.5872345,0
0.4721106,-0.47778884,1
0.0040336074,0.43553296,2
-0.0558846,-0.10526702,0
0.2564871,-0.021867318,0
0.99156547,0.07709705,4
0.9004693,0.06754043,4
1.1409597,-0.10799328,4
-0.10586869,0.14854746,2
0.9362673,-0.1786821,4
0.6971063,-0.09946872,4
0.09289087,0.5886659,2
0.06850251,0.68821675,2
0.19539289,0.69959205,2
0.21752733,0.15702112,2
0.01682993,0.62059265,2
-0.0022346384,0.42485857,2
0.0020345731,0.5025138,2
0.15047844,0.5125833,2
-0.018512651,0.5692836,2
0.24912958,0.03907906,2
0.24874118,0.03784246,2
0.06841985,0.74412256,2
-0.31899372,-0.30099463,2
0.109222144,-0.14189537,2
-0.082995735,0.59863675,2
-0.014326871,0.4046731,2
-0.097122364,0.6463054,2
0.39870274,-0.5213598,1
0.22305505,-0.038553894,1
-0.01129784,0.58986545,2
-0.20462877,0.4059956,2
-0.06452229,0.62712246,2
0.15611827,0.25461185,2
0.05673175,0.56096536,2
0.6545567,0.06457863,2
0.51927966,-0.25280452,1
0.1835481,-0.2110434,1
-0.18173403,0.2564629,2
0.055085357,-0.70129585,1
-0.7597236,-0.58062196,3
0.055603966,-0.8088683,1
0.22225524,-0.098405465,0
0.40799692,-0.452332,1
0.06610041,0.38565922,0
0.43168628,-0.3318445,1
-0.65788907,0.16309002,3
-0.3659667,-0.33828306,2
0.11557332,0.69978017,2
0.077547535,0.1131664,2
0.3016484,-0.27140442,1
0.1628882,-0.075395666,1
0.4166178,-0.07289442,1
0.18293427,0.6927987,2
0.47638816,-0.36080962,1
0.31016305,0.47853062,0
0.36590964,-0.5107894,1
0.41402507,0.5331428,0
0.9784235,-0.22122833,4
0.6801068,-0.06712458,1
0.8232693,-0.32357818,4
0.4539231,0.123078175,0
-0.18120666,0.3706655,2
0.15958403,0.43762854,0
-0.14995739,-0.18399538,2
0.10689266,-0.3562342,1
-0.47257262,-0.7691318,3
-0.4578407,-0.41886207,3
-0.6032186,0.069121234,3
-0.08345516,-0.60694367,1
-0.41892865,-0.3224516,2
-0.08011331,0.3005724,2
0.0024655408,-0.18165086,1
0.47616857,-0.47821504,1
0.13026308,-0.1080276,0
0.34218115,0.087498955,2
0.51914424,-0.10594816,1
0.64896953,-0.24317293,1
0.29752526,0.059022397,2
0.3251068,-0.3812991,1
0.266729,-0.26044703,1
0.4570101,-0.35661438,1
0.41980314,-0.39844173,1
0.14776216,-0.5909172,1
0.10876515,-0.5726563,1
-0.9954692,0.035719547,3
0.61601925,0.21174161,0
-1.0222387,-0.38978097,3
-0.24325712,0.044416085,2
-0.11321082,-0.51323473,1
0.45206314,-0.72112876,1
0.117268324,-0.16326354,0
0.2640799,-0.8699349,1
-1.017226,-0.75800633,3
-1.0043322,-0.7383501,3
1.0677003,-0.111518286,4
-0.3530324,-0.66451454,3
0.2266733,-0.42035264,1
-0.49401572,0.0048277057,3
-0.7385027,-0.15595691,3
-0.28977534,-0.68401194,1
0.028871525,-0.38548157,3
-1.154893,-0.6221388,3
-0.30086628,0.060650077,0
-0.5654098,0.20891204,3
-0.62960935,0.07859106,3
-0.4731469,0.36646286,3
-0.29805586,0.06728015,0
1.1797043,-0.07443244,4
0.17661321,0.41876197,2
1.1220835,-0.07362195,4
-0.5018805,0.21335308,3
0.98390985,-0.046445455,4
1.1774905,-0.08840162,4
-0.38261038,0.24539119,3
0.06873194,-0.009679267,3
-0.7612651,0.057590388,3
0.007918123,0.36385852,2
-0.51265526,0.6440961,2
-0.6544016,0.53077537,2
-0.49055272,0.6057985,2
-0.51264614,0.6440293,2
0.30575106,0.31350693,2
-0.31840226,0.43979248,2
0.46196628,0.1877414,2
0.46196628,0.1877414,2
-0.5650402,0.5362937,2
-0.120871834,0.34676218,2
-0.4641152,0.52892804,2
-1.1031928,-0.20991033,3
-0.8317285,0.32307622,2
-0.8425457,0.33731288,2
-0.81251496,0.37762937,2
-0.2397659,-0.04465351,3
0.10836088,0.18769847,2
0.82810605,0.021133937,4
0.24935555,-0.18796746,1
-0.02019291,0.3301754,2
0.108518854,0.18766715,2
-0.07213323,0.242463,2
0.10853316,0.18759887,2
0.6005526,0.46636534,0
0.108596876,0.1875861,2
-1.0409081,-0.558295,3
-1.0568106,-0.21844523,3
-0.2999457,-0.4993978,3
-0.353406,-0.07984379,3
-0.2999494,-0.4992576,3
-0.21470088,0.08606356,0
0.33221206,0.13098395,0
0.2433994,0.014052961,0
-0.7818744,0.071623124,3
-0.7460094,0.3692629,2
0.13633066,0.3279586,2
0.49968114,0.04537392,0
0.07439575,0.72958905,2
0.5305057,0.016492704,0
0.5304073,0.016015533,0
0.17970589,0.52495253,0
0.23672818,0.5683952,2
0.7545973,0.51143456,0
0.72842747,0.39006943,0
0.45957044,0.40226176,0
0.74025655,0.46258268,0
0.74155337,0.517595,0
0.8939061,0.13319097,4
0.039140835,0.49354872,2
-0.37977925,0.52920526,2
-0.43880337,0.6757166,2
-0.5470945,0.23084824,2
-0.7157799,-0.00481484,3
0.26273578,0.22301207,0
0.5642046,0.023740375,0
1.0088785,-0.033338536,4
0.9120212,-0.12603751,4
0.79224116,-0.09824464,0
0.8839314,0.15933266,0
0.1930784,0.23398542,0
0.19307211,0.23349583,0
0.6353521,-0.1922583,0
-0.2501067,0.07155752,2
0.3786117,-0.02470089,2
0.15064095,0.08340602,2
0.104636766,-0.26409942,3
0.29423168,0.05735269,2
0.095672384,0.45684794,2
0.16326281,-0.4994646,1
-0.16564162,0.0464918,2
0.13757382,-0.010695065,2
0.06738609,-0.3965772,1
-0.6679198,0.23743552,2
-0.28036538,-0.2655783,2
-0.48687002,-0.5967785,3
0.2619793,-0.6940553,1
0.3988851,0.030908076,0
-0.5959705,-0.7457148,3
-0.8123158,-0.53907037,3
0.43653998,0.2071056,2
0.35629362,-0.71639276,1
0.48554084,-0.04265574,0
0.022946227,-0.8039387,1
0.19689728,0.06338278,2
0.22461157,-0.37538642,3
-0.02394228,-0.27133733,3
-0.16103037,-0.5045881,1
-0.027513118,-0.22412273,3
-0.13075429,-0.61282885,3
-0.56391156,-0.6989013,3
-1.1202084,-0.65999204,3
-1.1632195,-0.6382672,3
-1.0979598,-0.5702786,3
-0.9704085,-0.4760754,3
-1.1028634,-0.58021724,3
-1.1364794,-0.5201503,3
-0.91428703,-0.3273378,3
-0.101450175,0.13839668,0
-0.8275828,-0.037884854,3
-1.0664066,-0.70071334,3
0.21035127,0.3777477,0
-0.37806696,0.22931433,3
0.31627473,-0.40320227,1
-0.9627216,0.009521357,3
0.5268306,-0.34086445,0
-0.47000778,0.14037058,3
0.3277121,0.53970575,0
0.055375323,-0.17349917,0
0.42255035,0.45772555,0
0.7227062,0.085274294,0
1.1536505,-0.0217098,4
-0.019983847,0.82222813,2
0.62680995,0.46933362,0
0.5310178,0.52592874,0
-0.014563364,0.63353163,0
0.42649588,0.633124,0
0.058089126,0.70383,2
0.4158627,0.4419621,0
-0.8968909,-0.32833406,3
-0.8511043,-0.4038312,3
-0.85112464,-0.40388104,3
-0.7550801,-0.2786883,3
0.5550033,0.38793874,0
0.7297696,0.54607046,0
0.51256615,0.5220702,0
0.1694496,0.10126213,2
0.17838633,0.12955004,2
-0.61782146,0.17970607,2
-1.0463896,-0.10254627,3
0.31711766,-0.22600858,0
-0.5131091,-0.08515906,3
1.1048529,-0.06052201,4
-0.129482,0.61664313,2
1.1370071,-0.068123266,4
1.0259073,-0.10526922,4
-0.10638471,0.64182645,2
-0.18259667,0.59902364,2
-0.6057886,0.45289844,2
-0.14787564,0.49469858,2
0.16725972,0.63991857,2
-0.09324477,0.76957697,2
0.7613693,0.3376041,0
0.40492526,0.58389264,0
0.8296469,0.32987744,0
0.49920794,0.63547754,0
-0.20587951,0.5269691,2
0.40399918,0.46915883,2
0.567362,0.41584453,0
0.76336247,0.23400146,4
1.1297262,-0.06315635,4
0.08502535,0.64154553,2
0.18247801,0.6319673,2
0.21162455,0.61675876,2
-0.13927902,0.6812676,2
0.2069809,0.4250267,2
0.6800645,0.02130218,4
0.24605262,-0.38748497,1
0.2154318,0.66489226,0
-0.6472617,0.011724156,3
0.024195442,-0.022037664,0
-0.97012883,-0.22124274,3
-0.98466027,-0.3499676,3
0.42387983,-0.5084308,1
0.1840647,0.4693501,0
0.79749674,-0.41948467,4
0.17910054,0.09714773,2
0.07065406,-0.014893409,2
-0.33253628,0.6550778,2
0.28650415,0.111965895,2
0.10721672,-0.50791705,1
-0.049829353,0.25692967,2
0.5525755,0.04633787,4
0.909287,0.18034142,4
0.80843973,0.26268655,4
0.5375866,-0.35584712,1
-0.07208396,0.22441621,2
0.6694711,-0.21720296,0
0.016574044,-0.38592714,1
-0.21527618,0.4874752,2
0.27350482,-0.2959379,1
-0.10191638,0.41771337,2
-0.04773918,0.42858204,2
0.5889631,0.3016052,0
0.6171129,-0.097780384,0
0.5455963,-0.028275441,0
0.15810782,0.36999583,2
0.10280592,-0.5844068,1
0.10290552,-0.58461905,1
0.0943029,-0.7597229,1
0.28962895,-0.835823,1
0.80230683,0.3229415,0
0.048149683,-0.3745755,3
0.66980577,-0.047526,4
0.78952795,-0.14550059,4
0.20933148,-0.42756394,1
0.58905375,0.12935345,2
0.5308294,-0.21228518,1
0.4885573,-0.28155318,1
0.5614999,0.26976648,0
0.8136314,-0.0979089,4
0.24975656,0.326254,2
0.22208554,-0.13008417,0
0.27699658,0.4437864,2
-0.1642645,-0.5387794,1
-0.71072054,-0.56184113,3
-0.13497055,-0.55017173,3
-0.7672244,-0.7060317,3
-0.38237137,-0.8692042,3
-0.6077075,-0.076911636,3
-1.1824898,-0.63559884,3
-1.1274152,-0.27075735,3
-1.1746409,-0.5487105,3
-0.8780066,0.22183537,3
-0.9195736,-0.04845427,3
-0.9764922,-0.03273884,3
-0.5115554,0.40931666,2
0.225273,0.5901017,0
-0.41484585,0.33743224,2
1.0006738,0.026456874,4
-0.5104363,0.38348192,3
-0.4161679,0.73180914,2
-0.6178068,0.64294416,2
-0.610951,0.44611186,2
0.22938362,0.510363,0
-0.93404007,-0.079603836,3
-0.61594176,0.25884402,3
0.37279034,0.12186031,0
0.9015992,0.0096878745,4
-0.021755837,0.108907774,3
0.42996532,0.6816263,0
0.29630843,0.75316626,0
0.26514316,0.6421809,2
0.00059196964,0.7583555,2
0.019664276,0.76716524,2
0.34969833,0.6365982,2
0.11212646,0.6794036,2
0.10192899,-0.516215,1
-0.5736646,-0.6320582,3
-0.7474918,-0.50607455,3
0.27941668,0.5089755,0
0.18146513,0.44285437,0
0.95886123,-0.14068006,4
-0.022628004,-0.12558517,3
0.8784255,0.08486328,0
0.53788865,0.032676052,0
0.56646955,0.30114272,0
0.6907242,0.39286357,0
0.66399944,0.49472824,0
0.7688374,0.30176625,0
0.46048167,-0.6019843,1
-0.34941924,0.45462292,2
-0.28452873,0.47585994,2
0.29448053,-0.17535555,1
-0.13098042,0.31342474,2
0.56034863,0.15466377,0
-0.34566355,-0.06370632,0
-0.8489863,-0.44532225,3
0.24846263,-0.15248853,0
-0.33896318,-0.30858135,3
0.6147702,-0.5041951,1
0.16349584,-0.27039447,0
-0.67337424,-0.2699933,3
-0.6538524,-0.414691,3
-0.7170287,-0.3004795,3
0.02845317,0.43395463,2
0.10262105,-0.034877937,0
0.69145834,-0.12913671,0
0.47523102,-0.53864056,1
0.63936865,-0.15594448,0
0.63936865,-0.15594448,0
0.2157099,-0.49432418,1
0.3979959,0.16744195,0
0.64507854,-0.15762283,0
0.6267776,-0.10323886,0
0.63936865,-0.15594448,0
0.6267776,-0.10323886,0
-0.0890502,0.0013626001,2
0.42397508,-0.4236478,1
0.3361863,0.480401,0
0.56770927,-0.1475322,0
0.6446651,-0.29296657,1
0.7873555,0.21542625,0
0.79987276,-0.0340205,4
0.87317604,-0.115780555,4
0.59898186,-0.3195738,1
-0.29863992,0.36618102,2
0.043049224,0.51952845,0
0.12789729,0.46624875,2
0.36872196,0.30495584,2
0.598864,0.21833225,2
0.9089627,0.080364816,4
0.9540042,0.005065435,4
0.3602193,0.3944142,2
-0.16061108,-0.32729536,2
-0.4413357,0.0073194653,2
-0.49525887,-0.060982767,2
0.40227032,-0.59581274,1
0.52777636,-0.46500382,1
-0.8412997,-0.4568865,3
-0.31578398,-0.7833142,1
0.13587098,-0.5595076,1
0.30972496,0.23102546,0
0.47327635,-0.26713157,0
0.04723137,0.05419638,0
-0.30770975,-0.59322816,3
-0.7988248,-0.25574765,3
0.27453032,-0.0043030772,0
0.2589478,-0.5416124,1
-0.42866904,-0.004967862,3
0.44766667,-0.40128532,1
0.21603557,-0.15216161,2
0.09134232,-0.5018249,1
-0.19754855,-0.5525831,3
0.2067244,-0.13900934,0
0.426443,-0.041040294,0
-0.10817976,-0.4811207,3
0.22974896,-0.025391083,1
0.4998702,-0.22263637,1
-0.45460445,-0.40606752,3
-0.10597916,-0.52036613,3
0.15367483,-0.50779796,1
-1.0779091,-0.7067923,3
-0.79419553,-0.6400349,3
-1.0345337,-0.49085823,3
-1.1096246,-0.6540199,3
-1.1712192,-0.61954606,3
-1.0094745,-0.19964743,3
-1.0267727,0.0045569795,3
0.6626434,-0.21155447,4
-0.44695956,-0.16667476,3
-0.8346331,-0.101294264,3
0.9664115,0.14065793,4
0.18546052,0.67956847,0
-0.48270813,0.6506941,2
1.0573679,0.08303882,4
1.0012763,0.124446124,4
0.32921746,0.7375403,0
-0.1982483,0.7869585,2
0.9636873,0.15416092,4
-0.6674661,0.55138075,2
-0.067557156,0.4409946,2
-0.7315444,0.47673827,2
-0.957403,-0.27146864,3
-0.9656527,-0.58107924,3
-0.49054214,-0.5453396,3
-0.5999569,0.34826443,2
-0.6785524,0.44972482,2
-0.878067,0.19762625,3
-0.6761988,0.33105057,3
-0.019350346,-0.08686929,3
0.7993011,0.24959537,0
0.23640944,0.2200561,0
-0.28485295,0.35472775,0
0.2486068,0.544862,0
-0.7934917,0.09597137,3
0.55346334,0.44393176,0
0.3601489,0.11182112,2
0.2015962,0.48859408,0
-0.8201929,0.3314974,2
-0.15372801,0.51900095,2
-0.31568307,0.36755878,2
0.08886074,-0.13243659,1
-0.8335596,0.1628079,3
-0.37187237,-0.5474711,3
-0.37187237,-0.5474711,3
-0.37187237,-0.5474711,3
0.5761246,0.5088335,0
-0.54291564,0.07915618,3
-0.507526,0.31741866,3
-0.99510753,0.02226021,3
-0.5766097,0.28858608,3
-0.7843623,0.24269493,3
-0.9058537,-0.21144828,3
-0.41480625,-0.51225215,3
-0.38329044,-0.01979117,3
-0.1379523,-0.1770114,3
-0.727491,-0.6114472,3
0.3675037,0.5233727,0
-0.82749796,0.21507362,3
0.90883213,0.016939158,4
-0.2371117,0.24006379,0
0.62029845,0.08152665,0
0.509731,-0.010669637,0
0.7718005,-0.15688546,4
-0.17714618,0.061355714,0
0.9741685,0.07500658,4
-0.6464902,0.11637899,3
0.569025,0.5805251,0
0.92749006,0.061123837,4
0.7579973,-0.048411738,4
0.6900443,-0.2350666,4
0.7123217,0.24944356,0
1.032118,-0.071266755,4
-0.8595804,-0.58012635,3
-0.88148934,-0.6251035,3
-0.55209935,-0.17015602,3
-0.7663373,-0.5356888,3
-1.0061826,-0.6189613,3
0.5302681,0.3313628,0
-1.0767584,-0.36653394,3
-0.28142872,-0.15928216,3
0.81973565,-0.045311302,4
0.95750123,-0.10468164,4
-0.7397175,0.3049381,2
-1.0759729,-0.12405513,3
-0.45714584,0.39216164,2
-0.09624451,-0.49892727,1
-0.35770148,0.15348646,3
-0.35765627,0.15346882,3
-0.47393042,-0.6984318,3
0.2765917,0.19100788,2
-0.22852176,-0.031545706,3
-0.7266756,-0.52828825,3
-0.9148563,-0.61280054,3
-0.07535367,-0.2969525,3
-0.83635175,-0.5129616,3
-1.176452,-0.63476336,3
-1.1922936,-0.60845137,3
-1.1234033,-0.31419644,3
1.1032813,-0.07168891,4
0.62480843,0.5707207,0
-0.16706923,0.80251205,2
0.16482738,0.529327,0
1.1741761,-0.05368164,4
-0.35203898,0.7558095,2
0.8127996,0.21057186,4
0.8825713,-0.0045260475,4
-0.043094967,0.80720186,2
-0.8527752,-0.30707282,3
-0.66973853,0.041491907,3
-0.981478,-0.4270334,3
0.34460428,0.7043009,0
0.29882014,0.3579523,2
0.9696781,0.19072361,4
0.6713999,0.048847724,4
0.7119772,-0.13272934,4
0.51249754,-0.07547351,3
-0.027224142,-0.08453558,3
0.5716053,0.28524095,0
0.91799617,0.17310698,0
0.38340813,0.08681228,0
0.29672813,-0.3973203,1
0.21894242,0.5721602,0
0.14551422,0.11757879,0
0.7500779,0.04109009,0
1.011134,-0.20223777,4
0.61398757,0.5083533,0
1.1399106,-0.1647715,4
0.28596082,-0.83437717,1
0.9243013,-0.19799952,4
0.17684516,0.058942303,2
0.5786986,-0.35733256,1
0.44252226,-0.61982507,1
0.35197356,-0.34411865,1
0.4171534,-0.49148673,1
0.56978166,-0.6444899,1
0.7028877,-0.28068966,1
0.36980534,-0.34214348,1
0.19003956,-0.15663302,1
0.5282103,-0.5865066,1
0.26021892,-0.19662215,1
0.13049434,-0.25931922,1
0.2608686,0.16073997,2
0.22506319,0.30674437,2
0.50312316,-0.5191622,1
-0.03092773,-0.516364,1
0.48847395,-0.7112571,1
0.5166381,-0.596256,1
0.23193212,-0.472208,1
0.39333308,-0.7145209,1
0.020922767,-0.71583503,1
0.45644125,-0.6849864,1
0.50285393,-0.5548732,1
0.54465073,-0.62609464,1
-0.20830652,-0.7016349,1
0.11494595,-0.40837425,1
0.1265692,0.18940054,2
0.53513986,-0.37822968,1
0.30080914,-0.5928341,1
0.30077952,-0.59290195,1
0.30076662,-0.59283954,1
0.19205399,-0.59670603,1
0.42833766,-0.63644415,1
0.28568202,-0.6905247,1
0.24409825,-0.41055378,1
0.31932536,-0.52209365,1
0.588828,-0.29997137,1
0.4647463,-0.7214902,1
0.45585093,-0.73866564,1
0.5436747,-0.32232064,1
0.103357986,-0.21218811,1
0.7806577,-0.27526206,4
-0.10616255,-0.37637827,1
-0.08274947,-0.44368437,3
0.493403,-0.5549754,1
-0.2531294,-0.40031433,3
0.48905787,-0.70195866,1
0.5268206,-0.5643505,1
0.49061868,-0.42330268,1
0.5279316,-0.39612085,1
-0.33832067,0.061810646,2
-0.029139234,-0.46562758,1
0.14453247,-0.70140326,1
-0.20119096,-0.6869663,1
-0.106130995,-0.46569768,1
0.22229506,-0.57013774,1
-0.106130995,-0.46569768,1
0.40419778,0.2936193,2
-0.020253703,0.5783425,2
0.29993746,0.041839376,1
0.017845541,0.18473263,2
0.38783744,0.32481182,0
0.30260244,-0.3649607,1
0.19311947,-0.5493307,1
0.013241776,-0.3772635,1
-0.008236159,-0.7353331,1
0.2634598,-0.5026728,1
0.2634598,-0.5026728,1
0.023723187,0.06648118,2
0.5627799,-0.6142994,1
0.52731425,-0.30244765,0
0.48132792,-0.41971445,1
0.42712465,-0.49931458,1
0.9025789,-0.025478056,4
0.77887696,0.12338588,0
0.68701494,-0.4569523,1
-0.3181265,-0.66128105,3
0.17222342,-0.52589667,1
0.6372211,-0.6271431,1
0.508919,-0.15984583,0
0.20471546,-0.59244573,1
0.09204854,-0.7633104,1
0.25320598,-0.6853652,1
-0.33499426,-0.8606171,1
-0.054645766,-0.87699574,1
-0.16329828,-0.4768541,3
-0.39653444,-0.7511397,3
-0.33693272,-0.69841164,3
0.5207302,-0.5286903,1
0.52094847,-0.54575723,1
-0.98808116,-0.7622058,3
0.73092836,-0.17585604,0
-0.4340821,-0.86277753,3
-0.92494726,-0.59446716,3
-1.0859643,-0.7068254,3
-1.1672903,-0.65329224,3
-0.8047041,0.20991287,3
-0.46271354,0.39290664,3
-0.10991369,0.5200252,0
-0.57841176,0.32754818,2
0.66348445,0.54679364,0
0.1291673,0.42868474,2
-0.72802526,0.4514821,2
0.362018,-0.5061841,1
0.6606212,0.08159615,0
-0.12976046,-0.39878973,3
0.92461425,-0.09397143,4
0.9258841,-0.111991346,4
-0.7819416,-0.59012955,3
-1.006619,0.026036926,3
-0.33698642,-0.5859567,3
-1.03069,-0.53255796,3
-1.0390242,-0.30782634,3
0.9270839,0.02006661,4
0.4675123,0.5882478,2
0.5042349,0.43141112,2
0.031681422,0.44071704,2
0.5707961,0.22255415,2
1.0012372,0.10034418,4
0.57122254,0.4040929,2
0.55498034,0.59791106,0
0.66220725,0.54179806,0
-0.34572896,0.4976466,2
0.76152384,-0.0042841528,4
0.85559726,-0.009772313,4
-0.6175764,0.1803789,2
0.6092004,0.5279178,0
0.675495,0.50073,0
0.4296327,0.2034219,0
0.65932757,0.44463453,0
0.5365473,0.43398282,0
1.068608,0.031224888,4
1.034156,-0.016425319,4
1.1784908,-0.11532702,4
0.51537496,0.018010726,4
0.5155189,0.017717892,4
1.1749942,-0.12025084,4
0.5155295,0.018175377,4
-0.06391616,0.57287186,2
0.24640498,-0.009096494,2
-0.27930447,0.6032849,2
-0.38895345,0.14504866,3
-0.43784785,0.4985507,2
0.24645683,-0.009530803,2
0.38529387,-0.51217747,1
0.7651789,0.007917922,4
0.25706494,0.51082855,2
-0.8459587,0.15864916,3
-0.27243558,-0.46169823,3
0.98881793,-0.11288698,4
0.8786933,-0.047596645,4
0.383248,-0.47519565,1
0.06042084,-0.039627332,2
-0.6750873,0.39190426,2
0.044678945,-0.100037985,2
0.99321884,-0.048438605,4
0.64542824,-0.38227746,1
0.62451226,-0.034805037,4
-0.5093275,-0.36322036,3
-0.51934296,-0.76952255,3
-0.4444599,-0.5534324,3
-0.44475394,-0.5534896,3
-0.95055103,-0.5613889,3
-0.12374012,-0.2966238,1
0.026204405,-0.33733448,1
0.22196686,-0.63241756,1
0.2363416,-0.34441152,1
-0.031345922,-0.5469116,1
0.57233316,-0.13444099,0
0.39579275,0.0013290278,0
-0.14288267,-0.5039859,1
0.87950605,-0.12237641,4
-0.8530856,-0.76973325,3
0.05439445,-0.90030247,1
-0.5725552,-0.82050353,3
-0.88481075,-0.55586225,3
-0.040574726,-0.9201239,1
-0.4286665,-0.7602814,3
-1.0516818,-0.65781385,3
-0.36518937,-0.8857825,1
-0.03281909,-0.530171,1
-0.60217017,0.045373023,3
-0.7982886,-0.6058888,3
0.04114974,-0.7438198,1
0.769247,0.2585834,0
-0.19742954,-0.39008737,1
0.5101055,0.044533625,0
0.9292116,-0.28288636,4
0.4084077,0.11499478,0
0.868668,-0.08701914,4
0.9319311,-0.020636886,4
0.7777331,0.22847058,0
0.079503946,-0.3455295,0
0.6034551,-0.31096923,1
-0.07474083,-0.8685457,1
0.1482115,-0.762113,1
0.22115168,-0.47761494,1
1.1918142,-0.12010986,4
0.28958464,-0.5082765,1
0.14858036,-0.78552383,1
0.09965146,-0.797424,1
-0.3765228,-0.5622312,3
0.17257172,-0.6671314,1
0.18954074,-0.59176046,1
0.4507586,-0.6760574,1
0.52792174,-0.20553935,0
0.061923936,-0.08102898,2
0.29892015,-0.8317199,1
-1.1918395,-0.63397807,3
-1.1886064,-0.61694,3
0.4204637,0.2552815,2
0.4383724,-0.007438435,2
0.570605,0.10676829,0
1.1182711,-0.022844994,4
-0.8429936,-0.15660566,3
0.47767183,-0.11356494,3
-0.8591853,-0.16158348,3
-0.7284032,-0.27945378,3
0.27731586,0.53996485,0
0.99785435,0.09546886,4
0.38943818,0.48420328,0
0.5022894,0.31404465,0
0.32153735,0.35778984,0
-0.48718625,0.2212152,3
-0.5988263,0.41917086,2
0.5021573,-0.05788418,0
0.5021573,-0.05788418,0
0.50214285,-0.05809102,0
-0.6827342,0.10232665,3
-0.383572,-0.12727861,3
0.47022328,0.29302245,0
-0.09559849,-0.5894796,1
-0.64204127,-0.16681698,3
-0.07179422,0.35512567,2
-0.748142,-0.04196563,3
-1.0442301,-0.0725263,3
-1.0641634,-0.08287868,3
0.5553956,0.51585615,0
0.31093758,0.5559713,0
0.7538938,-0.12112695,4
0.7540005,-0.12081427,4
0.75403756,-0.12095005,4
0.7901677,-0.09099826,4
0.90738344,-0.17746851,4
0.005318261,-0.3142123,3
-0.711255,-0.48279688,3
-0.71130043,-0.4827242,3
-0.8154358,-0.39707246,3
-0.7454254,-0.22963032,3
0.5006352,0.007913789,0
-0.70549953,-0.10674614,3
-0.7622174,-0.32176343,3
-0.817641,-0.45846575,3
-0.9122033,-0.35719508,3
-0.42206275,-0.5748855,3
0.36342406,-0.05595582,0
0.35064715,0.20242456,0
0.6639841,0.063999966,0
0.78934526,0.1224161,0
-0.64375746,-0.60593206,3
-0.59619474,-0.66693145,3
-0.12812524,0.23002957,2
-0.13534564,0.32644862,2
-0.36530077,-0.022218527,2
0.70799696,0.38636348,0
0.7405879,0.35587466,0
0.6775898,-0.500702,1
0.7708512,-0.39396998,1
-0.7410053,0.28129992,3
0.67913556,0.07405512,4
0.7526363,0.010706825,4
0.37059084,-0.23220506,0
0.35057783,0.32894537,0
0.36894104,-0.055491798,2
0.36800855,-0.44961348,1
0.44352263,0.055730395,2
0.44353348,-0.021592205,2
0.6344355,-0.4730149,1
0.39654815,-0.36426407,1
0.43828052,-0.3897838,1
0.68454814,-0.5765712,1
0.21410798,-0.11773126,1
0.4523862,0.1661742,0
0.46668506,-0.13160408,0
0.54117626,-0.45643607,1
-0.4852149,-0.77833986,3
-1.0806466,-0.6201072,3
-1.0792366,-0.6960736,3
-1.1194763,-0.6384242,3
-0.67510486,-0.34219605,3
-0.018352361,0.6327256,0
1.1394869,-0.017978022,4
1.1394874,-0.018069876,4
-0.35956973,0.7107061,2
0.2216144,0.3785022,0
-0.08973029,0.17572145,2
-0.4916176,0.56257045,2
-0.49903405,0.7225242,2
-0.6710229,0.42189068,2
-0.37211362,0.049272392,0
-0.041363258,0.4289405,2
-0.3632143,0.6939499,2
-0.8162273,0.20106013,3
-0.6565092,0.11875461,3
-0.71899176,0.20153311,2
-1.0920714,-0.15283504,3
-1.0661005,-0.121114366,3
-0.8948883,0.25320217,3
-0.680706,0.39343008,2
0.046179116,0.5309616,2
0.31207335,0.5740455,2
0.046103325,0.5307205,2
0.63817143,0.23619802,2
0.10318048,0.5133874,2
0.046179116,0.5309616,2
0.6017172,0.27531782,2
0.046103325,0.5307205,2
0.008596584,0.6175754,2
0.72056043,0.55372274,0
0.2809874,0.66564673,0
0.44951963,0.5878657,0
0.37727144,0.62295324,0
-0.008637746,0.7791426,2
-0.32663712,0.71977234,2
-0.45399478,0.2971178,3
-0.45393902,0.29718968,3
0.10575765,0.5917975,2
-0.38365188,0.6020835,2
-0.4755942,0.634817,2
-0.40771437,0.7360521,2
-0.06083929,0.7617967,2
-0.19266114,0.42420027,2
-0.13518068,0.61678237,2
-0.19263273,0.42443946,2
-0.44033515,0.76456356,2
-0.9035022,0.17357142,3
0.030182706,0.33100408,0
-0.09895958,0.43682274,2
0.3578755,0.44268292,0
0.11354067,0.58792603,0
0.4606608,0.1265057,0
0.82690406,0.10688866,0
0.89414996,0.15234381,0
0.116036855,0.26942226,2
0.9258073,0.0076981797,4
1.1265178,-0.06979723,4
0.48326418,0.30132645,2
0.74987864,0.0013254043,4
0.99202055,0.009101404,4
0.5576864,0.5334995,0
0.77428156,0.14507902,4
1.1682687,-0.07588698,4
0.13989307,0.3886919,2
0.13995634,0.38811556,2
0.67654437,0.143124,4
1.1386374,-0.083016485,4
0.76257503,0.1421814,4
0.5782531,0.2637474,2
0.4410429,0.4585721,2
1.0810964,-0.03983291,4
0.828005,0.1043538,4
0.04147422,0.2324851,2
-0.20585006,0.20669794,2
0.65050316,0.16161402,4
0.2853002,0.5883729,2
0.65050316,0.16161402,4
-0.83055246,0.21292289,3
0.44507417,0.25288096,0
0.37255305,0.23350629,0
0.5215678,0.42985988,0
0.64945596,0.038377278,4
0.17296664,0.32702342,2
0.8269039,0.038663995,4
0.43017447,0.5745364,0
0.91058046,0.10014833,4
0.14353429,0.8026752,2
0.45233408,0.5056371,2
0.7303891,0.13699101,4
0.4460091,0.46675235,2
0.40124807,0.6320904,0
0.82208186,0.011864461,4
0.33138856,0.44051242,2
0.4211888,0.4135032,2
0.44047698,0.6217519,0
0.088414565,0.6508958,2
0.5024418,0.2588927,2
1.0475584,-0.029431336,4
-0.87641525,0.15408248,3
0.127607,-0.14777179,2
1.0054119,-0.13279939,4
0.6922514,-0.09623546,4
1.1331695,-0.1630646,4
-0.8764151,0.15408017,3
0.6756197,-0.46547008,1
-0.32130542,0.38029918,0
0.1777668,-0.22937542,1
-0.05969113,0.120721556,2
0.44129398,0.028966341,0
0.16262229,-0.6679881,1
-0.20033681,-0.38600987,3
0.13791166,-0.03710394,0
0.566544,-0.22107385,0
0.106340654,-0.52409494,1
0.57829523,0.05498283,4
0.7392165,0.35665327,0
0.40877676,-0.21888717,1
0.40794423,-0.21757151,1
0.15270622,-0.36045867,1
0.544541,-0.6084786,1
0.13762487,-0.07166586,2
0.0023539667,0.58949697,2
0.024245838,0.6734284,2
-0.0006958511,-0.4610628,1
0.0561497,0.264954,2
0.39169234,0.19710252,1
-0.031250376,0.49757716,2
-0.3016212,-0.724595,1
-0.5099612,-0.54485947,3
0.49669984,-0.32340655,1
-0.052487645,-0.41435084,3
-0.78657675,-0.24292625,3
-0.04412735,-0.65023315,1
0.2618451,-0.56156427,1
0.26906526,-0.07457402,0
-0.6818974,-0.4305827,3
0.2800089,-0.56385857,1
0.07504399,-0.6300846,1
-0.53021616,-0.74320847,3
-0.29352748,-0.3016562,3
-0.51117545,0.57048094,2
0.099115424,-0.13867788,1
0.1692905,0.078786574,0
0.3992758,0.12977888,1
0.77427536,-0.073296756,4
0.7852106,-0.016463565,4
0.11261715,0.58252174,2
0.8485185,-0.07446763,4
0.22066934,0.11247551,2
0.23767364,-0.04881222,1
-0.01777062,0.54070485,2
0.15275519,0.118015975,2
0.5612393,-0.5880234,1
0.24274147,-0.12124672,2
0.42167792,-0.09854056,2
0.14626832,-0.005370663,2
0.035760794,0.4996931,2
0.2362782,-0.07634954,2
0.2362782,-0.07634954,2
0.08004248,0.19362308,2
0.29642773,0.45364904,2
0.44311228,0.39639342,0
0.39704967,0.33626202,2
0.37133425,-0.2487782,1
0.42793056,0.019992314,1
0.08003906,0.19346443,2
0.2505741,0.522725,2
0.23753121,0.5971096,2
0.08003906,0.19346443,2
0.4629286,-0.0475683,1
0.46753672,-0.2867963,1
-0.15067214,0.020418243,2
0.71561736,0.34312904,0
0.47433954,0.35201657,0
0.5468442,-0.62271214,1
0.50799227,-0.29734072,1
0.4837743,-0.13484387,1
-0.18005003,0.030483583,2
0.50907385,-0.43984836,1
0.4409668,0.44226468,0
0.475291,0.46988577,0
-0.06104856,-0.494623,1
0.15483616,-0.106494814,1
0.094780825,-0.4497214,1
0.110334374,-0.17190781,2
-0.27809614,-0.2701165,2
-0.14705037,-0.78661466,1
-0.014232757,-0.43366176,1
0.06434046,-0.47972563,1
0.22825386,-0.60089964,1
-0.93161976,-0.23171136,3
-0.5374803,-0.51274335,3
-0.46869865,-0.5334341,3
-0.40245214,-0.6566463,3
0.35249984,-0.8009167,1
-0.44165075,-0.7299822,3
0.33090904,-0.8162235,1
0.026055014,-0.5775329,1
-0.91106075,-0.62693053,3
0.05261515,-0.31795037,1
-0.5312868,0.281044,2
-0.024783632,-0.54258794,1
-0.016300276,-0.5181935,1
0.6406577,-0.109223865,1
0.7168362,0.14637963,4
0.40708545,0.015494309,2
-0.019684391,0.36453518,2
0.2654358,-0.43560624,1
0.21773323,-0.39778835,1
0.24949534,-0.41106665,1
0.14261283,-0.072938725,2
0.08216737,-0.5270444,1
0.69533736,-0.4189878,4
-0.88198024,-0.32598525,3
0.52462316,-0.4782185,1
-0.5839568,-0.8171668,3
0.15553722,-0.49920177,3
-0.59848285,-0.50441766,3
-0.22024383,-0.06489106,3
-0.22024383,-0.06489106,3
0.4896424,-0.63134027,1
-0.9673502,-0.5890845,3
-0.3642296,-0.88302237,1
-0.86207646,-0.8053983,3
-0.2452426,0.64942217,2
-0.39265573,0.7222615,2
-0.47433,0.7390985,2
0.08460213,0.50239646,2
0.29497284,0.13597228,2
0.35252815,0.64558977,2
0.60523456,0.06444274,4
-0.03784693,0.47307122,0
-0.2194777,0.4918272,2
0.05957454,0.4141638,0
-1.0973251,-0.40108714,3
-0.9010658,-0.19650832,3
-1.0529517,-0.42957655,3
-0.9493431,-0.108129345,3
-0.7397569,-0.3567246,3
-0.4745451,-0.58228755,3
-0.88687885,0.015160724,3
-0.9447289,-0.20000829,3
-0.8006763,0.036921103,3
-0.0054464657,-0.010556289,0
0.19220866,0.18325096,0
-1.0997636,-0.69417703,3
0.08190194,0.75890225,2
-1.0332676,-0.39579973,3
-1.0053315,-0.55990535,3
0.47095704,0.38802844,0
0.015546455,0.34683084,0
-0.7289543,0.4470286,2
-0.33648756,0.176084,3
0.55935204,0.5765707,0
-0.4496864,0.40870503,3
0.74598455,-0.02105921,4
0.9170353,0.011396825,0
1.1501075,-0.08216759,4
1.0688016,0.0040240726,4
1.0893879,-0.015320276,4
1.1024256,-0.033480313,4
0.13497269,-0.34642398,3
0.5834892,-0.12128307,4
0.7728992,-0.15204282,4
0.6660332,-0.43389413,1
-0.47689837,-0.17801824,3
0.84495807,-0.15675616,4
-0.7756839,-0.0692715,3
0.5523613,-0.21676032,4
0.96594596,-0.1321068,4
-0.5391483,-0.46241146,3
0.6663132,-0.43374267,1
0.45444041,-0.23955396,3
-0.077139966,-0.23519999,3
-0.44801942,-0.5073025,3
-0.073040724,0.09113061,0
-0.89327437,0.047277935,3
-0.75620824,-0.3170779,3
-0.55546874,0.25671282,2
0.3106419,-0.5741336,1
-0.43398196,0.4052081,2
-0.5552738,0.25640276,2
0.1419188,0.5138121,0
-0.18962161,0.44274765,2
0.56833404,-0.18276785,0
0.20294234,0.2272787,0
-0.3327065,-0.09585764,3
-0.547367,0.2506988,3
0.80550635,0.36395502,0
0.7506096,0.40524128,0
0.7505769,0.40504086,0
0.80098283,0.02995747,4
0.42140892,-0.13288571,4
0.07090696,-0.28806818,3
0.10261535,0.027510423,3
0.677798,0.06319545,4
-1.0386027,-0.70026183,3
-0.3589039,0.43038133,2
0.035515655,0.6550332,0
-0.4726908,0.565731,2
0.3155039,-0.4184482,1
0.3895382,-0.32565248,1
-0.32258207,0.46357337,2
0.34797978,-0.43123117,1
-0.36239925,0.3673938,2
-0.45123926,0.43994567,2
0.4938636,-0.31959352,1
0.28345874,0.101964556,0
0.07337017,0.10113492,0
0.105678335,0.16182558,0
0.2984567,0.2512709,0
0.25473148,0.28828293,0
0.5679216,0.33313254,0
0.35383877,0.5182001,0
0.639844,0.3771551,0
0.61859536,0.031252157,0
0.81037897,0.028643668,4
0.3547071,0.24493007,0
-0.4810539,0.15240435,3
-0.27000287,0.39798525,2
-0.07712902,0.6909298,2
-0.5021745,0.34675142,2
0.5038289,-0.17473517,0
-0.4776017,0.49101356,2
-0.37735298,0.01202292,3
-0.5295869,0.16161598,2
0.3429848,0.08750107,2
-0.37449542,0.7295885,2
-0.046261054,0.43465242,2
-0.12598899,0.6065771,2
0.22147085,-0.35623473,1
0.69922787,-0.14191101,4
0.74173516,-0.11456235,4
0.569264,-0.05464109,4
0.77263445,-0.16033363,4
-1.0688297,-0.71707124,3
-1.0207605,-0.68261707,3
-1.035045,-0.57670623,3
-1.1025646,-0.46371603,3
-0.33680862,-0.6832533,3
-0.6409375,-0.48113582,3
-1.0819886,-0.47303206,3
-0.95607615,-0.78091896,3
-1.1650281,-0.64818746,3
0.26487198,0.45560697,0
0.0387083,0.5955885,0
-0.107880615,0.32452506,2
-0.46684095,0.6970199,2
-1.0865928,-0.11087539,3
0.05988524,0.3177329,2
0.33849427,0.54139453,2
-0.16694707,0.79286003,2
-0.47480968,0.76132566,2
-0.47140953,0.7411281,2
-0.47137827,0.7410929,2
-0.9363469,-0.13948748,3
-1.0195876,-0.036535554,3
-0.8442188,0.13397792,3
-0.91815645,-0.26721174,3
-0.7612489,-0.28162244,3
-0.82162637,-0.40849197,3
-0.5684334,-0.23073433,3
-0.86856705,0.121416345,3
-0.5854344,0.22415699,3
-0.020505853,0.74648654,2
0.53362256,0.15715276,4
0.023622856,0.56297946,0
0.18843235,0.47455177,0
-0.5026226,0.3573127,3
-0.9389255,-0.0022605981,3
0.09167175,0.5345454,0
-0.8956553,0.09137574,3
-0.08595818,0.7813486,2
0.09484445,0.6493439,2
-0.13133474,0.7670178,2
-0.006579335,0.8276053,2
-0.29292852,0.7778764,2
0.06888834,0.19440466,2
-0.8122768,0.34456304,2
-0.41172153,0.77936006,2
0.6103851,0.2928148,0
-0.18579502,0.3625228,0
-0.9291994,0.08636807,3
0.53774923,0.5647566,0
-0.793574,-0.040073726,3
-0.42150566,0.39309394,2
0.7332039,0.5388417,0
0.36364755,0.5590859,0
-0.89163446,-0.116402484,3
0.006499399,0.6732523,0
-0.08353645,0.6151378,2
-0.33312488,0.71401817,2
0.31957176,0.10400771,2
-0.44902334,0.70925564,2
-0.5129694,0.740441,2
-0.47798234,0.7197243,2
-0.4180772,0.7356022,2
-0.16403799,0.6218586,2
-1.0424716,-0.048931383,3
-0.6805765,0.45270905,2
-1.0465559,-0.07116498,3
-1.0269458,-0.5646503,3
-0.9433218,-0.5489687,3
-1.0333176,-0.54948664,3
-1.0004141,-0.64858484,3
-0.73783237,0.16473502,3
-0.40157047,0.6497412,2
-0.5440145,0.34497276,3
0.9150564,0.009795351,4
0.37964287,0.49451932,0
1.1738056,-0.072388716,4
0.5061346,-0.06589782,4
0.904607,-0.018164719,4
0.21722573,-0.09514208,3
0.45253488,-0.1063927,3
0.21717086,-0.09520481,3
0.3101585,0.45132628,0
1.006496,-0.066540405,4
0.7071784,-0.12245468,4
0.032225557,-0.34220427,3
0.60848624,0.4129452,0
-0.6631752,-0.2410872,3
-0.7119553,0.143926,3
0.90654117,0.12471399,4
0.6327357,0.3762148,0
0.90482956,0.12237286,4
1.0717987,-0.040185936,4
1.0718122,-0.03987467,4
-0.6862077,-0.24718195,3
-0.3244394,-0.26172528,3
-0.9799888,-0.5081915,3
-0.7299299,-0.77447706,3
-0.9712029,-0.4229692,3
-0.5048022,-0.87686604,3
-0.9609686,-0.3458052,3
-0.8250107,-0.2824261,3
-1.0656534,-0.40527922,3
-0.9143688,-0.4437173,3
-0.84748024,0.024276115,3
-1.0149349,-0.29397407,3
-1.1006767,-0.6432523,3
-0.48245078,0.23036951,3
-0.29551253,0.043214448,0
1.0619546,-0.09247222,4
1.0636901,0.010608464,4
-0.66373324,-0.05869524,3
0.45511335,-0.13853246,4
-0.5600488,0.46237102,2
-0.2312726,-0.3459364,2
0.46183577,-0.58190525,1
-0.25909877,-0.10413894,2
-0.15056133,-0.026795993,2
0.45252818,-0.5903778,1
-0.33693057,-0.28353053,2
-0.8496759,0.20095828,3
-0.54063797,0.3929237,2
-0.8590099,0.12694593,3
0.29593095,-0.12986644,2
0.45943215,-0.25675994,1
0.8310203,-0.14526334,4
0.29871154,0.010637661,2
0.5627487,-0.52419263,1
0.10414567,-0.18120307,1
0.10419523,-0.18118061,1
0.10414567,-0.18120307,1
0.07867629,-0.15313625,3
-0.62685055,-0.56371385,3
0.21720625,-0.333906,3
-1.0146124,-0.26460978,3
-0.43663,0.0075209825,3
-1.1758144,-0.59827614,3
-1.1360483,-0.6561601,3
